Train Loss,Train Acc,Valid Loss,Valid Acc,Learning Rate
0.3526416417121887,0.9741,inf,0,0.00014508792923396214
