Train Loss,Train Acc,Valid Loss,Valid Acc,Learning Rate
0.33680704069137574,1.0,0.4350227189064026,0.8785,1e-06
