Train Loss,Train Acc,Valid Loss,Valid Acc,Learning Rate
0.36816930830478667,0.960125,0.33240706062316894,0.9755,1e-06
