Train Loss,Train Acc,Valid Loss,Valid Acc,Learning Rate
0.3506058127880096,0.96975,0.3369559099674225,0.9755,1e-06
