Train Loss,Train Acc,Valid Loss,Valid Acc,Learning Rate
0.3562206268310547,0.971125,0.3284371056556702,0.9895,0.0005004999999999995
0.32874873089790346,0.98675,0.3258643569946289,0.9895,1e-06
