Train Loss,Train Acc,Valid Loss,Valid Acc,Learning Rate
0.3310770914554596,0.98625,0.33702139925956726,0.9755,1e-06
