Train Loss,Train Acc,Valid Loss,Valid Acc,Learning Rate
0.35886610519886014,0.97575,0.33435600805282595,0.9755,1e-06
